<?xml version="1.0" encoding="UTF-8" standalone="no"?>
<!DOCTYPE Plugin PUBLIC "sailpoint.dtd" "sailpoint.dtd">
<Plugin displayName="DemoRole1" minSystemVersion="8.0" name="demorole1" rightRequired="" version="0.1.113">
  <Attributes>
    <Map>
      <entry key="minUpgradableVersion" value="0.1"/>
      <entry key="fullPage">
        <value>
          <FullPage title="Full Page"/>
        </value>
      </entry>
      <entry key="snippets">
        <value>
          <List>
            <Snippet regexPattern=".*" rightRequired="">
              <Scripts>
                <String>ui/js/header.js</String>
              </Scripts>
              <StyleSheets>
                <String>ui/css/style.css</String>
              </StyleSheets>
            </Snippet>
          </List>
        </value>
      </entry>
      <entry key="restResources">
        <value>
          <List>
            <String>sailpoint.plugin.demorole1.rest.RoleResource</String>
          </List>
        </value>
      </entry>
    </Map>
  </Attributes>
</Plugin>
